ticker,close_date,close,current_rsi,price_low1,price_low2,rsi_low1,rsi_low2,avg_vol
ADC,2026-10-08,65.79,27.8,66.86,65.03,16.0,17.1,1725630
ADEA,2026-10-08,24.61,42.8,24.82,24.72,41.0,42.1,1086228
ADNT,2026-10-08,17.51,45.2,17.0,16.84,37.5,38.4,1060415
AEVA,2026-10-08,14.57,43.4,14.19,13.97,36.6,37.9,1407365
AGO,2026-10-08,69.43,39.4,68.4,67.72,25.0,27.2,577795
ALOY,2026-10-08,8.12,38.8,8.15,8.0,33.7,37.3,2001480
AOS,2026-10-08,56.9,41.7,56.89,56.37,37.5,37.8,1498620
APD,2026-10-08,281.0,44.0,277.64,273.33,30.5,31.7,1223740
APTV,2026-10-08,44.72,47.9,43.34,43.02,34.1,38.2,3796770
AR,2026-10-08,35.72,49.6,33.96,33.39,29.3,33.3,4312255
ARTV,2026-10-08,7.27,31.9,6.99,6.79,21.3,22.1,547380
ASAN,2026-10-08,9.29,52.4,8.25,8.23,39.3,39.5,8189320
ASB,2026-10-08,28.9,40.1,28.68,28.65,31.2,35.3,2217955
ATMU,2026-10-08,45.96,51.0,43.89,43.42,31.7,33.0,776790
AUB,2026-10-08,38.14,37.5,38.25,37.95,29.7,31.1,1319055
AVNT,2026-10-08,41.49,51.6,40.36,40.25,40.1,40.9,687555
AVR,2026-10-08,7.05,29.5,7.62,7.59,33.2,34.0,1009125
AXTA,2026-10-08,33.4,49.9,31.86,31.85,28.4,35.1,2251480
BC,2026-10-08,64.98,32.2,66.0,64.22,24.8,25.9,809705
BEN,2026-10-08,32.44,44.9,32.22,32.12,40.2,40.5,4030370
BKR,2026-10-08,57.13,44.1,56.32,54.9,28.1,30.6,8446585
BLBD,2026-10-08,57.19,40.8,55.58,55.5,28.7,33.4,511400
BLK,2026-10-08,1079.42,49.8,1060.89,1058.29,42.5,42.7,534925
BLMN,2026-10-08,8.34,44.8,8.01,7.75,31.9,33.9,2633260
BOOT,2026-10-08,124.32,39.0,122.75,120.47,27.5,32.9,751245
BRBR,2026-10-08,7.69,30.3,7.69,7.4,21.7,22.6,3848420
BTSG,2026-10-08,63.75,64.6,55.78,55.69,39.4,39.9,2742330
BYND,2026-10-08,7.99,27.8,9.99,8.23,27.9,28.7,1318395
CCK,2026-10-08,107.69,41.2,105.7,105.41,25.9,30.6,1057215
CCXI,2026-10-08,11.93,41.2,12.0,11.62,33.8,37.3,2541775
CDP,2026-10-08,33.68,41.3,34.0,33.27,29.6,32.9,991510
CEG,2026-10-08,300.4,67.2,254.71,254.02,36.5,38.7,3574590
CF,2026-10-08,116.02,38.0,114.67,114.54,34.1,34.6,2558425
CFG,2026-10-08,64.09,33.6,64.61,63.7,29.9,30.0,4257570
CFR,2026-10-08,152.96,36.1,154.26,152.67,30.4,32.1,505980
CGEM,2026-10-08,16.25,38.7,14.81,14.53,23.7,25.4,1385690
CMI,2026-10-08,535.31,45.6,523.88,516.57,26.0,30.6,1128520
CNI,2026-10-08,118.41,41.3,117.51,117.16,30.8,34.4,1140925
COF,2026-10-08,195.82,37.7,196.1,193.07,31.6,32.0,3653055
COLB,2026-10-08,28.89,40.4,28.85,28.6,33.1,35.4,2825180
COP,2026-10-08,129.35,50.5,125.27,125.15,39.8,41.0,6924080
CORZ,2026-10-08,16.68,43.8,16.04,15.98,37.3,38.3,11333210
CRNC,2026-10-08,8.07,47.8,7.73,7.67,38.4,39.1,608765
CURB,2026-10-08,27.89,38.1,27.99,27.83,33.5,33.7,1542105
CUZ,2026-10-08,27.66,44.7,27.62,27.29,36.1,37.2,1509140
EMN,2026-10-08,64.11,36.8,65.07,64.05,31.9,34.9,1306920
FNB,2026-10-08,17.28,36.8,17.3,17.21,29.8,32.8,4653965
FOXF,2026-10-08,19.39,52.0,18.47,18.37,37.1,38.3,572895
FULT,2026-10-08,22.4,38.0,22.56,22.37,32.6,34.4,1850745
HSIC,2026-10-08,84.84,43.5,84.84,83.97,36.3,38.4,1243960
HWC,2026-10-08,72.72,43.1,72.39,71.93,36.1,37.1,937570
INNV,2026-10-08,9.0,33.4,8.84,8.8,26.2,28.7,887035
INVX,2026-10-08,27.62,44.2,27.33,27.02,37.5,38.0,785050
IRM,2026-10-08,116.5,54.5,111.2,110.95,37.9,40.0,1603095
J,2026-10-08,139.23,46.5,135.33,135.27,33.2,35.9,810505
KMPR,2026-10-08,26.07,46.8,25.2,25.0,34.9,35.5,896120
KRP,2026-10-08,14.94,56.8,14.29,14.28,35.0,39.3,965175
LEU,2026-10-08,153.88,49.9,139.01,138.18,33.3,36.9,774460
LNG,2026-10-08,275.26,52.6,267.75,267.29,42.3,43.2,2015805
LTBR,2026-10-08,6.84,48.0,6.47,6.28,31.6,34.7,889500
MAC,2026-10-08,22.95,49.9,22.38,22.36,32.1,37.6,3679655
NVST,2026-10-08,23.27,34.5,23.35,23.16,26.8,32.0,3095060
PFS,2026-10-08,22.28,37.3,22.42,22.15,29.5,31.2,919155
PL,2026-10-08,18.57,53.8,16.38,16.14,32.0,34.8,10688330
PLAY,2026-10-08,6.86,40.0,6.54,6.38,27.8,31.1,3439630
ZION,2026-10-08,62.85,34.9,62.65,62.61,27.8,31.7,1590720
ZTO,2026-10-08,19.68,38.7,19.45,19.39,29.0,32.8,3203215
