ticker,close_date,close,sma8,sma21,avg_vol,last_vol
AFRM,2026-10-06,74.88,71.01,70.89,4019825,2802100
ALH,2026-10-06,21.59,21.52,21.5,1121890,812500
AS,2026-10-06,27.76,27.43,27.35,6781175,4855600
AVGO,2026-10-06,375.81,355.72,355.08,24487480,30834300
BAX,2026-10-06,24.36,23.76,23.7,7367675,6523500
BEKE,2026-10-06,16.76,16.63,16.58,5323315,2519200
BLK,2026-10-06,1079.42,1069.21,1068.55,534925,539100
BTSG,2026-10-06,63.75,58.6,58.37,2742330,3118100
CGNX,2026-10-06,66.35,61.96,61.15,1629740,1910300
CHD,2026-10-06,96.54,95.22,95.19,1893070,1409800
CSCO,2026-10-06,117.94,109.71,109.01,19000930,21037900
DINO,2026-10-06,114.6,110.22,109.87,2783225,1722700
MHK,2026-10-06,126.05,125.21,125.17,1093090,880300
OPLN,2026-10-06,34.96,34.86,34.82,1171935,789300
PHR,2026-10-06,10.25,10.2,10.18,695645,605100
PRIM,2026-10-06,84.97,76.65,75.75,1374685,1756100
SMA,2026-10-06,33.13,32.18,32.11,810970,586500
TPR,2026-10-06,116.75,115.94,115.5,3165690,2516900
TREX,2026-10-06,44.86,44.12,43.96,1627540,1180500
