ticker,insider_name,title,transaction_date,shares,price,total_value,filed_date
COE,Huang Jack Jiajia,Chief Executive Officer,2026-09-25,1227600.0,11.5,14117400.0,20261008
COE,Huang Jack Jiajia,Chief Executive Officer,2026-09-25,1227600.0,11.5,14117400.0,20261008
COE,Huang Jack Jiajia,Chief Executive Officer,2026-09-23,897300.0,11.5,10318950.0,20261008
COE,Huang Jack Jiajia,Chief Executive Officer,2026-09-23,897300.0,11.5,10318950.0,20261008
COE,Huang Jack Jiajia,Chief Executive Officer,2026-09-22,378420.0,11.5,4351830.0,20261008
COE,Huang Jack Jiajia,Chief Executive Officer,2026-09-22,378420.0,11.5,4351830.0,20261008
CRBG,NIPPON LIFE INSURANCE CO,Insider,2026-10-06,116345.0,35.23,4099101.94,20261008
CRBG,NIPPON LIFE INSURANCE CO,Insider,2026-10-06,116345.0,35.23,4099101.94,20261008
COE,Huang Jack Jiajia,Chief Executive Officer,2026-09-17,304020.0,11.48,3490149.6,20261008
COE,Huang Jack Jiajia,Chief Executive Officer,2026-09-17,304020.0,11.48,3490149.6,20261008
AVR,L1 Capital Pty Ltd,10%+ Owner,2026-10-06,272695.0,7.18,1957950.1,20261008
AVR,L1 Capital Pty Ltd,10%+ Owner,2026-10-06,272695.0,7.18,1957950.1,20261008
FUL,BAILLY R JEFFREY,Director,2026-10-07,10000.0,50.0,500000.0,20261008
FUL,BAILLY R JEFFREY,Director,2026-10-07,10000.0,50.0,500000.0,20261008
PDI,FLATTUM DAVID C,Insider,2026-10-06,17448.13,14.3,249508.26,20261008
PDI,FLATTUM DAVID C,Insider,2026-10-06,17448.13,14.3,249508.26,20261008
IMMR,Singer Eric,Insider,2026-10-07,26950.0,7.15,192692.5,20261008
IMMR,Singer Eric,Insider,2026-10-07,26950.0,7.15,192692.5,20261008
