ticker,close_date,close,sma20,sma50,avg_vol,last_vol
ACET,2026-09-28,6.5,8.53,8.45,685263,3504663
APPN,2026-09-28,36.68,29.86,29.65,4292540,4494201
BCC,2026-09-28,74.99,76.24,76.21,1857827,2367150
BIRK,2026-09-28,33.33,39.75,39.61,11735700,11851018
BULL,2026-09-28,7.34,7.51,7.46,64532068,62653377
BWMN,2026-09-28,42.6,34.44,33.97,1340934,2555187
CHPT,2026-09-28,9.29,7.14,7.08,6893018,8049671
CLMB,2026-09-28,32.8,26.19,25.69,760512,1115049
DEO,2026-09-28,84.75,86.36,86.29,5311405,5646400
ELE,2026-09-28,18.17,18.11,18.09,1909462,2468956
ELF,2026-09-28,104.68,82.08,80.18,13577262,7286355
FSM,2026-09-28,11.25,10.09,10.06,25196566,41442224
GMAB,2026-09-28,34.75,29.98,29.76,11341177,29026240
GRAL,2026-09-28,143.26,77.14,76.44,4138163,6786260
HIMS,2026-09-28,29.0,29.81,29.45,70436939,55685395
HIPO,2026-09-28,32.24,29.7,29.63,820499,925990
ICFI,2026-09-28,81.86,79.73,79.14,1145639,1018186
KMTS,2026-09-28,27.43,24.26,23.94,1774118,2245661
KREF,2026-09-28,6.16,6.97,6.95,4792551,5810731
MMSI,2026-09-28,85.37,78.52,78.24,3871349,3580992
MRSH,2026-09-28,170.06,175.7,175.54,12540160,16668403
ONC,2026-09-28,358.07,322.23,320.88,1732278,2382863
PRGS,2026-09-28,36.9,37.98,37.76,3242260,6026815
RDIB,2026-09-28,16.08,11.14,11.02,540422,138108
SBH,2026-09-28,16.24,15.11,14.93,6805034,8543099
SKYW,2026-09-28,96.43,97.64,97.25,1883408,1749676
STRF,2026-09-28,103.4,95.32,95.25,563146,304327
VEEV,2026-09-28,273.33,215.5,211.78,10091795,7345406
W,2026-09-28,101.25,91.19,90.1,15863698,14006075
